
{"sno":1,"company":"Samsung","model":"J2","quantity":23,"cost":10000,"ram":"4GB","rom":"16GB"}
{"sno":2,"company":"Lenovo","model":"Vibe K5","quantity":40,"cost":9000,"ram":"2GB","rom":"8GB"}
{"sno":3,"company":"Redmi","model":"note4","quantity":21,"cost":11000,"ram":"4GB","rom":"32GB"}
{"sno":4,"company":"Iphone","model":"7plus","quantity":4,"cost":60000,"ram":"8GB","rom":"64GB"}
{"sno":5,"company":"Iphone","model":"5s","quantity":4,"cost":45000,"ram":"4GB","rom":"32GB"}

{"sno":6,"company":"Sony","model":"Xperia Xzs","quantity":20,"cost":49990,"ram":"4GB","rom":"16GB"}
{"sno":7,"company":"Sony","model":"Xperia X","quantity":40,"cost":45482,"ram":"2GB","rom":"8GB"}
{"sno":8,"company":"Sony","model":"Xperia Xz","quantity":21,"cost":39990,"ram":"4GB","rom":"32GB"}
{"sno":9,"company":"Sony","model":"Xperia Z3+","quantity":4,"cost":37948,"ram":"8GB","rom":"64GB"}
{"sno":10,"company":"Oppo ","model":"Desire 628","quantity":20,"cost":10399,"ram":"4GB","rom":"16GB"}
{"sno":11,"company":"Oppo ","model":"Desire 626G+","quantity":40,"cost":7490,"ram":"2GB","rom":"8GB"}
{"sno":12,"company":"Oppo ","model":" Desire 626","quantity":21,"cost":9470,"ram":"4GB","rom":"8GB"}
{"sno":13,"company":"Oppo ","model":"Desire 828","quantity":4,"cost":11899,"ram":"8GB","rom":"16GB"}
{ "sno":14,"company":"Samsung" ,"model": "Z2","quantity":20,"cost":4650, "ram": "1GB","rom":"8GB" }
	 { "sno":15,"company":"Samsung","model": "Galaxy Star2","quantity":20,"cost":4990,"ram": "512MB","rom":"8GB" }
	 { "sno":16,"company":"Samsung","model": "Galaxy Star Duos","cost":3756,"quantity":20, "ram": "1GB","rom":"8GB"}  
	 { "sno":17,"company":"Samsung", "model":"Star Primo S5610","cost":4493,"quantity":20, "ram": "2GB","rom":"8GB"}   
	 { "sno":18,"company":"Samsung","model": "Galaxy Duos S6012","quantity":20,"cost":4734, "ram": "1GB","rom":"8GB" }
	 
	 { "sno":19,"company":"Samsung", "model": "Galaxy J2","quantity":20, "ram": "1GB","rom":"8GB","cost":7350 }
	 { "sno":20,"company":"Samsung", "model":"Galaxy J3 Pro","quantity":20, "ram": "2GB","rom":"16GB","cost":9340 }
	 { "sno":21,"company":"Samsung", "model":"Galaxy On7 Pro","quantity":20, "ram": "2GB","rom":"16GB","cost":9490 }    
	 { "sno":22,"company":"Samsung", "model":"Galaxy Grand","quantity":20, "ram": "1.5GB","rom":"8GB","cost":8900 }   
	 { "sno":23,"company":"Samsung", "model":"Galaxy CORE2","quantity":20, "ram": "2","rom":"8GB","cost":7999 }
	 
	 { "sno":24,"company":"Samsung", "model":"Galaxy J7 Pro","quantity":20, "ram": "3GB","rom":"32GB","cost":17999 }
	 { "sno":25,"company":"Samsung", "model":"Galaxy On Nxt","quantity":20, "ram": "3GB","rom":"64GB","cost":16900 }
	 { "sno":26,"company":"Samsung", "model":"Galaxy S5","quantity":20, "ram": "2GB","rom":"16GB","cost":16999 }  
	 { "sno":27,"company":"Samsung", "model":"Galaxy A5","quantity":20, "ram": "2GB","rom":"16GB","cost":18860 }  
	 { "sno":28,"company":"Samsung", "model":"Galaxy Prime 4G","quantity":20, "ram": "1GB","rom":"8GB","cost":11919 }   
	 
	  { "sno":29,"company":"Samsung", "model":"Galaxy S8","quantity":20, "ram": "4GB","rom":"64GB","cost":57900 }
	 { "sno":30,"company":"Samsung", "model":"Galaxy S8 Plus","quantity":20, "ram": "4GB","rom":"64GB","cost":64900 }
	 { "sno":31,"company":"Samsung", "model":"Galaxy Star Duos","quantity":20, "ram": "4GB","rom":"32GB","cost":47999 }   
	 { "sno":32,"company":"Samsung", "model":"Star Primo S5610","quantity":20, "ram": "4GB","rom":"32GB","cost":27999 }  
	 { "sno":33,"company":"Samsung", "model":"Galaxy Duos S6012","quantity":20, "ram": "4GB","rom":"16GB","cost":30318 }
